{"customer":{"customer":[{"CodeBelit":"90240","ShParvaz":"140","Namesherkat":"\u0627\u06cc\u0631\u0627\u0646 \u0627\u06cc\u0631","CodePersonel":"402230","IdMosafer":"1010","DateSedoor":"20121225","TimeSedoor":"1015","Darejeh":"1","VazeBelit":"ok","Comision":"150000","Maliat":"120000","Mablagh":"1450000"},{"CodeBelit":"90241","ShParvaz":"141","Namesherkat":"\u0627\u06cc\u0631\u0627\u0646 \u0627\u06cc\u0631","CodePersonel":"402230","IdMosafer":"1011","DateSedoor":"20121225","TimeSedoor":"1018","Darejeh":"1","VazeBelit":"ok","Comision":"150000","Maliat":"120000","Mablagh":"1450000","DateKansely":"20121225","TimeKansely":"1018","Jarimeh":"25000","bargashtmabalgh":"1425000"},{"CodeBelit":"90242","ShParvaz":"142","Namesherkat":"\u0645\u0627\u0647\u0627\u0646","CodePersonel":"402231","IdMosafer":"1012","DateSedoor":"20130211","TimeSedoor":"0930","Darejeh":"2","VazeBelit":"ok","Comision":"120000","Maliat":"130000","Mablagh":"1250000"},{"CodeBelit":"90425","ShParvaz":"143","Namesherkat":"\u0627\u06cc\u0631\u06a9\u06cc\u0634","CodePersonel":"402231","IdMosafer":"1012","DateSedoor":"20130520","TimeSedoor":"0800","Darejeh":"1","VazeBelit":"ok","Comision":"130000","Maliat":"140000","Mablagh":"1600000","DateKansely":"20130520","TimeKansely":"1600","Jarimeh":"23000","bargashtmabalgh":"1577000"},{"CodeBelit":"90427","ShParvaz":"145","Namesherkat":"\u0627\u06cc\u0631\u06a9\u06cc\u0634","CodePersonel":"402231","IdMosafer":"1013","DateSedoor":"20140522","TimeSedoor":"1450","Darejeh":"1","VazeBelit":"ok","Comision":"120000","Maliat":"142000","Mablagh":"1650000"},{"CodeBelit":"90537","ShParvaz":"140","Namesherkat":"\u0627\u06cc\u0631\u0627\u0646 \u0627\u06cc\u0631","CodePersonel":"402230","IdMosafer":"1015"}]}}Code by DreamsCoder.com