{"CUSTOMER":{"CUSTOMER":[{"CodeHavapeima":"8010","Namehavapeima":"\u0628\u0648\u06cc\u0646\u062c850","Model":"\u0631\u0648\u0633\u06cc","Zarfiat":"145","CodeSherkat":"5020"},{"CodeHavapeima":"8011","Namehavapeima":"\u062a\u0648\u067e\u0644\u0648\u0641","Model":"\u0641\u0631\u0627\u0646\u0633\u0647","Zarfiat":"120","CodeSherkat":"5020"},{"CodeHavapeima":"8012","Namehavapeima":"\u0628\u0648\u06cc\u0646\u062c750","Model":"\u0631\u0648\u0633\u06cc","Zarfiat":"142","CodeSherkat":"5020"},{"CodeHavapeima":"8013","Namehavapeima":"\u0628\u0648\u06cc\u0646\u062c850","Model":"\u0641\u0631\u0627\u0633\u0646\u0647","Zarfiat":"140","CodeSherkat":"5030"},{"CodeHavapeima":"8014","Namehavapeima":"\u0628\u0648\u06cc\u0646\u062c850","Model":"\u0641\u0631\u0627\u0646\u0633\u0647","Zarfiat":"145","CodeSherkat":"5030"},{"CodeHavapeima":"8015","Namehavapeima":"\u062a\u0648\u067e\u0644\u0648\u0641","Model":"\u0631\u0648\u0633\u06cc","Zarfiat":"120","CodeSherkat":"5040"},{"CodeHavapeima":"8016","Namehavapeima":"\u0628\u0648\u06cc\u0646\u062c850","Model":"\u0631\u0648\u0633\u06cc","Zarfiat":"140","CodeSherkat":"5040"}]}}Code by DreamsCoder.com