{"CUSTOMER":{"CUSTOMER":[{"ShParvaz":"140","Mabda":"\u0628\u0647\u0628\u0647\u0627\u0646","Maghsad":"\u062a\u0647\u0631\u0627\u0646","DateHarekat":"20121226","TimeHarekat":"20:50","Codehavapeima":"8010","YearHarakat":"2012","MonthHarakat":"12","DayHarakat":"26"},{"ShParvaz":"141","Mabda":"\u062a\u0647\u0631\u0627\u0646","Maghsad":"\u0627\u0647\u0648\u0627\u0632","DateHarekat":"20121227","TimeHarekat":"21:00","Codehavapeima":"8011","YearHarakat":"2012","MonthHarakat":"12","DayHarakat":"27"},{"ShParvaz":"142","Mabda":"\u0627\u0647\u0648\u0627\u0632","Maghsad":"\u06a9\u06cc\u0634","DateHarekat":"20130212","TimeHarekat":"10:00","Codehavapeima":"8014","YearHarakat":"2013","MonthHarakat":"02","DayHarakat":"12"},{"ShParvaz":"143","Mabda":"\u06a9\u06cc\u0634","Maghsad":"\u0627\u0647\u0648\u0627\u0632","DateHarekat":"20130326","TimeHarekat":"08:20","Codehavapeima":"8016","YearHarakat":"2013","MonthHarakat":"03","DayHarakat":"26"},{"ShParvaz":"145","Mabda":"\u0628\u0647\u0628\u0647\u0627\u0646","Maghsad":"\u062a\u0647\u0631\u0627\u0646","DateHarekat":"20140523","TimeHarekat":"10:20","Codehavapeima":"8015","YearHarakat":"2014","MonthHarakat":"05","DayHarakat":"25"}]}}Code by DreamsCoder.com