{"CUSTOMER":{"CUSTOMER":[{"Codesherkat":"5020","Namesherkat":"\u0627\u06cc\u0631\u0627\u0646 \u0627\u06cc\u0631","Tell":"02115142141","Address":"\u062a\u0647\u0631\u0627\u0646","Email":"IranAir@Irib.ir"},{"Codesherkat":"5030","Namesherkat":"\u0645\u0627\u0647\u0627\u0646","Tell":"02114321412","Address":"\u062a\u0647\u0631\u0627\u0646","Email":"MhanAir@Irib.ir"},{"Codesherkat":"5040","Namesherkat":"\u0627\u06cc\u0631\u06a9\u06cc\u0634","Tell":"07642141211","Address":"\u06a9\u06cc\u0634","Email":"Airkish@Irib.ir"},{"Codesherkat":"5050","Namesherkat":"\u0633\u0627\u0647\u0627","Tell":"02132145421","Address":"\u062a\u0647\u0631\u0627\u0646","Email":"SahaAir@Irib.ir"},{"Codesherkat":"5060","Namesherkat":"\u0632\u0627\u06af\u0631\u0633","Tell":"02145242152","Address":"\u062a\u0647\u0631\u0627\u0646","Email":"ZagrosAir@Irib.ir"},{"Codesherkat":"5070","Namesherkat":"\u06a9\u0627\u0633\u067e\u06cc\u0646","Tell":"02135875112","Address":"\u062a\u0647\u0631\u0627\u0646","Email":"CaspianAir@Irib.ir"}]}}Code by DreamsCoder.com