{"PurchaseRequisition":{"Submittor":{"SubmittorName":"John Doe","SubmittorEmail":"john@nodomain.net","SubmittorTelephone":"1-123-456-7890"},"Billing":[],"Approval":[],"Item":{"@number":"1","ItemType":"Electronic Component","ItemDescription":"25 microfarad 16 volt surface-mount tantalum capacitor","ItemQuantity":"42","Specification":{"Category":{"@type":"UNSPSC","@value":"32121501","@name":"Fixed capacitors"},"RosettaNetSpecification":{"query":{"@max.records":"1","element":[{"@dicRef":"XJA039","name":"CAPACITOR - FIXED - TANTAL - SOLID"},{"name":"Specific Features","value":"R"},{"name":"Body Material","value":"C"},{"name":"Terminal Position","value":"A"},{"name":"Package: Outline Style","value":"CP"},{"name":"Lead Form","value":"D"},{"name":"Rated Capacitance","value":"0.000025"},{"name":"Tolerance On Rated Capacitance (%)","value":"10"},{"name":"Leakage Current (Short Term)","value":"0.0000001"},{"name":"Rated Voltage","value":"16"},{"name":"Operating Temperature","value":[{"@type":"max","$":"140"},{"@type":"min","$":"-10"}]},{"name":"Mounting","value":"Surface"}]}}},"Vendor":{"@number":"1","VendorName":"Capacitors 'R' Us, Inc.","VendorIdentifier":"98-765-4321","VendorImplementation":"http:\/\/sylviaearle\/capaciorsRus\/wsdl\/buyerseller-implementation.wsdl"}}}}Code by DreamsCoder.com