﻿<customer>
  <customer>
    <CodeBelit>90240</CodeBelit>
    <ShParvaz>140</ShParvaz>
    <Namesherkat>ایران ایر</Namesherkat>
    <CodePersonel>402230</CodePersonel>
    <IdMosafer>1010</IdMosafer>
    <DateSedoor>20121225</DateSedoor>
    <TimeSedoor>1015</TimeSedoor>
    <Darejeh>1</Darejeh>
    <VazeBelit>ok</VazeBelit>
    <Comision>150000</Comision>
    <Maliat>120000</Maliat>
    <Mablagh>1450000</Mablagh>
  </customer>
  <customer>
    <CodeBelit>90241</CodeBelit>
    <ShParvaz>141</ShParvaz>
    <Namesherkat>ایران ایر</Namesherkat>
    <CodePersonel>402230</CodePersonel>
    <IdMosafer>1011</IdMosafer>
    <DateSedoor>20121225</DateSedoor>
    <TimeSedoor>1018</TimeSedoor>
    <Darejeh>1</Darejeh>
    <VazeBelit>ok</VazeBelit>
    <Comision>150000</Comision>
    <Maliat>120000</Maliat>
    <Mablagh>1450000</Mablagh>
    <DateKansely>20121225</DateKansely>
    <TimeKansely>1018</TimeKansely>
    <Jarimeh>25000</Jarimeh>
    <bargashtmabalgh>1425000</bargashtmabalgh>
  </customer>
  <customer>
    <CodeBelit>90242</CodeBelit>
    <ShParvaz>142</ShParvaz>
    <Namesherkat>ماهان</Namesherkat>
    <CodePersonel>402231</CodePersonel>
    <IdMosafer>1012</IdMosafer>
    <DateSedoor>20130211</DateSedoor>
    <TimeSedoor>0930</TimeSedoor>
    <Darejeh>2</Darejeh>
    <VazeBelit>ok</VazeBelit>
    <Comision>120000</Comision>
    <Maliat>130000</Maliat>
    <Mablagh>1250000</Mablagh>
  </customer>
  <customer>
    <CodeBelit>90425</CodeBelit>
    <ShParvaz>143</ShParvaz>
    <Namesherkat>ایرکیش</Namesherkat>
    <CodePersonel>402231</CodePersonel>
    <IdMosafer>1012</IdMosafer>
    <DateSedoor>20130520</DateSedoor>
    <TimeSedoor>0800</TimeSedoor>
    <Darejeh>1</Darejeh>
    <VazeBelit>ok</VazeBelit>
    <Comision>130000</Comision>
    <Maliat>140000</Maliat>
    <Mablagh>1600000</Mablagh>
    <DateKansely>20130520</DateKansely>
    <TimeKansely>1600</TimeKansely>
    <Jarimeh>23000</Jarimeh>
    <bargashtmabalgh>1577000</bargashtmabalgh>
  </customer>
  <customer>
    <CodeBelit>90427</CodeBelit>
    <ShParvaz>145</ShParvaz>
    <Namesherkat>ایرکیش</Namesherkat>
    <CodePersonel>402231</CodePersonel>
    <IdMosafer>1013</IdMosafer>
    <DateSedoor>20140522</DateSedoor>
    <TimeSedoor>1450</TimeSedoor>
    <Darejeh>1</Darejeh>
    <VazeBelit>ok</VazeBelit>
    <Comision>120000</Comision>
    <Maliat>142000</Maliat>
    <Mablagh>1650000</Mablagh>
  </customer>
  <customer>
    <CodeBelit>90537</CodeBelit>
    <ShParvaz>140</ShParvaz>
    <Namesherkat>ایران ایر</Namesherkat>
    <CodePersonel>402230</CodePersonel>
    <IdMosafer>1015</IdMosafer>
  </customer>
</customer>