﻿<CUSTOMER>
  <CUSTOMER>
    <CodeHavapeima>8010</CodeHavapeima>
    <Namehavapeima>بوینج850</Namehavapeima>
    <Model>روسی</Model>
    <Zarfiat>145</Zarfiat>
    <CodeSherkat>5020</CodeSherkat>
  </CUSTOMER>
  <CUSTOMER>
    <CodeHavapeima>8011</CodeHavapeima>
    <Namehavapeima>توپلوف</Namehavapeima>
    <Model>فرانسه</Model>
    <Zarfiat>120</Zarfiat>
    <CodeSherkat>5020</CodeSherkat>
  </CUSTOMER>
  <CUSTOMER>
    <CodeHavapeima>8012</CodeHavapeima>
    <Namehavapeima>بوینج750</Namehavapeima>
    <Model>روسی</Model>
    <Zarfiat>142</Zarfiat>
    <CodeSherkat>5020</CodeSherkat>
  </CUSTOMER>
  <CUSTOMER>
    <CodeHavapeima>8013</CodeHavapeima>
    <Namehavapeima>بوینج850</Namehavapeima>
    <Model>فراسنه</Model>
    <Zarfiat>140</Zarfiat>
    <CodeSherkat>5030</CodeSherkat>
  </CUSTOMER>
  <CUSTOMER>
    <CodeHavapeima>8014</CodeHavapeima>
    <Namehavapeima>بوینج850</Namehavapeima>
    <Model>فرانسه</Model>
    <Zarfiat>145</Zarfiat>
    <CodeSherkat>5030</CodeSherkat>
  </CUSTOMER>
  <CUSTOMER>
    <CodeHavapeima>8015</CodeHavapeima>
    <Namehavapeima>توپلوف</Namehavapeima>
    <Model>روسی</Model>
    <Zarfiat>120</Zarfiat>
    <CodeSherkat>5040</CodeSherkat>
  </CUSTOMER>
  <CUSTOMER>
    <CodeHavapeima>8016</CodeHavapeima>
    <Namehavapeima>بوینج850</Namehavapeima>
    <Model>روسی</Model>
    <Zarfiat>140</Zarfiat>
    <CodeSherkat>5040</CodeSherkat>
  </CUSTOMER>
</CUSTOMER>