﻿<CUSTOMER>
  <CUSTOMER>
    <Idmosafer>1010</Idmosafer>
    <namemosafer>علی</namemosafer>
    <familymosafer>رضوانی</familymosafer>
    <father>محسن</father>
    <shmelly>1254635789</shmelly>
    <sex>مرد</sex>
    <sen>36</sen>
    <tell>231244112</tell>
    <address>بهبهان</address>
  </CUSTOMER>
  <CUSTOMER>
    <Idmosafer>1011</Idmosafer>
    <namemosafer>رضا</namemosafer>
    <familymosafer>تقوی</familymosafer>
    <father>مهران</father>
    <shmelly>1356245263</shmelly>
    <sex>مرد</sex>
    <sen>42</sen>
    <tell>321241266</tell>
    <address>بهبهان</address>
  </CUSTOMER>
  <CUSTOMER>
    <Idmosafer>1012</Idmosafer>
    <namemosafer>سیما</namemosafer>
    <familymosafer>صفری</familymosafer>
    <father>محمد</father>
    <shmelly>1326423456</shmelly>
    <sex>زن</sex>
    <sen>32</sen>
    <tell>422141232</tell>
    <address>بهبهان</address>
  </CUSTOMER>
  <CUSTOMER>
    <Idmosafer>1013</Idmosafer>
    <namemosafer>مهران</namemosafer>
    <familymosafer>رجبی</familymosafer>
    <father>تقی</father>
    <shmelly>1231452345</shmelly>
    <sex>مرد</sex>
    <sen>41</sen>
    <tell>365652336</tell>
    <address>بهبهان</address>
  </CUSTOMER>
  <CUSTOMER>
    <Idmosafer>1015</Idmosafer>
    <namemosafer>سعید</namemosafer>
    <familymosafer>آقایی</familymosafer>
    <father>حسن</father>
    <shmelly>2830741582</shmelly>
    <sex>مرد</sex>
    <sen>60</sen>
  </CUSTOMER>
</CUSTOMER>