﻿<CUSTOMER>
  <CUSTOMER>
    <ShParvaz>140</ShParvaz>
    <Mabda>بهبهان</Mabda>
    <Maghsad>تهران</Maghsad>
    <DateHarekat>20121226</DateHarekat>
    <TimeHarekat>20:50</TimeHarekat>
    <Codehavapeima>8010</Codehavapeima>
    <YearHarakat>2012</YearHarakat>
    <MonthHarakat>12</MonthHarakat>
    <DayHarakat>26</DayHarakat>
  </CUSTOMER>
  <CUSTOMER>
    <ShParvaz>141</ShParvaz>
    <Mabda>تهران</Mabda>
    <Maghsad>اهواز</Maghsad>
    <DateHarekat>20121227</DateHarekat>
    <TimeHarekat>21:00</TimeHarekat>
    <Codehavapeima>8011</Codehavapeima>
    <YearHarakat>2012</YearHarakat>
    <MonthHarakat>12</MonthHarakat>
    <DayHarakat>27</DayHarakat>
  </CUSTOMER>
  <CUSTOMER>
    <ShParvaz>142</ShParvaz>
    <Mabda>اهواز</Mabda>
    <Maghsad>کیش</Maghsad>
    <DateHarekat>20130212</DateHarekat>
    <TimeHarekat>10:00</TimeHarekat>
    <Codehavapeima>8014</Codehavapeima>
    <YearHarakat>2013</YearHarakat>
    <MonthHarakat>02</MonthHarakat>
    <DayHarakat>12</DayHarakat>
  </CUSTOMER>
  <CUSTOMER>
    <ShParvaz>143</ShParvaz>
    <Mabda>کیش</Mabda>
    <Maghsad>اهواز</Maghsad>
    <DateHarekat>20130326</DateHarekat>
    <TimeHarekat>08:20</TimeHarekat>
    <Codehavapeima>8016</Codehavapeima>
    <YearHarakat>2013</YearHarakat>
    <MonthHarakat>03</MonthHarakat>
    <DayHarakat>26</DayHarakat>
  </CUSTOMER>
  <CUSTOMER>
    <ShParvaz>145</ShParvaz>
    <Mabda>بهبهان</Mabda>
    <Maghsad>تهران</Maghsad>
    <DateHarekat>20140523</DateHarekat>
    <TimeHarekat>10:20</TimeHarekat>
    <Codehavapeima>8015</Codehavapeima>
    <YearHarakat>2014</YearHarakat>
    <MonthHarakat>05</MonthHarakat>
    <DayHarakat>25</DayHarakat>
  </CUSTOMER>
</CUSTOMER>