﻿<CUSTOMER>
  <CUSTOMER>
    <CodePersonel>402230</CodePersonel>
    <Namepersonel>مونا</Namepersonel>
    <FamilyPersonel>آرامی</FamilyPersonel>
    <Father>حسین</Father>
    <SHMelly>1425367891</SHMelly>
    <Nshenasname>452</Nshenasname>
    <DateTevalod>13630410</DateTevalod>
    <MohalTevalod>بهبهان</MohalTevalod>
    <Phone>36545411</Phone>
    <Address>بهبهان</Address>
  </CUSTOMER>
  <CUSTOMER>
    <CodePersonel>402231</CodePersonel>
    <Namepersonel>شهناز</Namepersonel>
    <FamilyPersonel>اساتید</FamilyPersonel>
    <Father>رضا</Father>
    <SHMelly>1862453624</SHMelly>
    <Nshenasname>6325</Nshenasname>
    <DateTevalod>13651126</DateTevalod>
    <MohalTevalod>بهبهان</MohalTevalod>
    <Phone>22451321</Phone>
    <Address>بهبهان</Address>
  </CUSTOMER>
</CUSTOMER>