﻿<CUSTOMER>
  <CUSTOMER>
    <Codesherkat>5020</Codesherkat>
    <Namesherkat>ایران ایر</Namesherkat>
    <Tell>02115142141</Tell>
    <Address>تهران</Address>
    <Email>IranAir@Irib.ir</Email>
  </CUSTOMER>
  <CUSTOMER>
    <Codesherkat>5030</Codesherkat>
    <Namesherkat>ماهان</Namesherkat>
    <Tell>02114321412</Tell>
    <Address>تهران</Address>
    <Email>MhanAir@Irib.ir</Email>
  </CUSTOMER>
  <CUSTOMER>
    <Codesherkat>5040</Codesherkat>
    <Namesherkat>ایرکیش</Namesherkat>
    <Tell>07642141211</Tell>
    <Address>کیش</Address>
    <Email>Airkish@Irib.ir</Email>
  </CUSTOMER>
  <CUSTOMER>
    <Codesherkat>5050</Codesherkat>
    <Namesherkat>ساها</Namesherkat>
    <Tell>02132145421</Tell>
    <Address>تهران</Address>
    <Email>SahaAir@Irib.ir</Email>
  </CUSTOMER>
  <CUSTOMER>
    <Codesherkat>5060</Codesherkat>
    <Namesherkat>زاگرس</Namesherkat>
    <Tell>02145242152</Tell>
    <Address>تهران</Address>
    <Email>ZagrosAir@Irib.ir</Email>
  </CUSTOMER>
  <CUSTOMER>
    <Codesherkat>5070</Codesherkat>
    <Namesherkat>کاسپین</Namesherkat>
    <Tell>02135875112</Tell>
    <Address>تهران</Address>
    <Email>CaspianAir@Irib.ir</Email>
  </CUSTOMER>
</CUSTOMER>